inferred_time_window,seurat_clusters,experiment,nCount_RNA,nFeature_RNA,cell,time,percent.mt,percent.ribo,doublet_score,lasso_age,NNv1_age,NNv2_age,lasso_shift,NNv1_shift,NNv2_shift,manual_annot,germ_layer,hex,hex2
0-2,5,exp10,336.0,206,exp10_idx1AATACGATAA_idx2GCTCTAACGA.TTAATGAGCTGGTATGCTTG,hrs_00_02,0.5952380952380952,2.083333333333333,0.0764737121614444,4.77438435798306,1.0942970514297483,3.0127968788146973,2.77438435798306,0.0,1.0127968788146973,maternal,maternal,#beb8a6,#bda983
0-2,5,exp10,285.0,232,exp10_idx1ACGGCGTTAA_idx2ACCGTTACGA.TATGAGAACTTCCTACCAGT,hrs_00_02,0.0,2.456140350877193,0.0254100450412169,1.3496112472157304,1.0606755018234253,1.5178269147872925,0.0,0.0,0.0,maternal,maternal,#beb8a6,#bda983
0-2,5,exp10,367.0,210,exp10_idx1AGACCATATC_idx2GATCAGTCAT.GGAGGTTCTTGATGGCCTT,hrs_01_03,1.08991825613079,3.5422343324250685,0.0271137026239067,2.733943873789624,1.1325924396514893,2.062377452850342,0.0,0.0,0.0,maternal,maternal,#beb8a6,#bda983
0-2,5,exp10,331.0,257,exp10_idx1AGGTCAGCTT_idx2CGAAGGACGA.GTTGCAAGTTCCTACCAGT,hrs_00_02,0.3021148036253776,2.719033232628399,0.0130682452809114,3.851094321600432,1.448346495628357,2.241387128829956,1.851094321600432,0.0,0.241387128829956,maternal,maternal,#beb8a6,#bda983
0-2,5,exp10,266.0,181,exp10_idx1AGTCCGCTGC_idx2GTTGACGGCC.GGAGCTCATTCCTACCAGT,hrs_00_02,0.3759398496240601,2.631578947368421,0.011794348269945,6.519471820289716,1.4051522016525269,2.44208025932312,4.519471820289716,0.0,0.4420802593231201,maternal,maternal,#beb8a6,#bda983
0-2,5,exp10,295.0,224,exp10_idx1GCATCGTATG_idx2AACCTAGCTT.TCTTAGTTCTGTTGACGGCC,hrs_01_03,0.3389830508474576,5.762711864406779,0.0248142436562456,6.320185493251647,1.9210128784179688,6.4681315422058105,3.320185493251647,0.0,3.4681315422058105,maternal,maternal,#beb8a6,#bda983
0-2,5,exp10,257.0,189,exp10_idx1GCATCGTATG_idx2CCTATAAGCT.TTCCATCTTTGTTGACGGCC,hrs_01_03,1.556420233463035,4.669260700389105,0.0576441102756892,4.706431933051712,1.850826621055603,2.469642639160156,1.7064319330517117,0.0,0.0,maternal,maternal,#beb8a6,#bda983
0-2,5,exp10,304.0,207,exp10_idx1GTAGCAGCTA_idx2AGTCCGCGGA.TTCGCATAATCGGATTAGAA,hrs_01_03,0.3289473684210526,3.947368421052632,0.0131620181761203,4.970908688562898,0.836009681224823,1.6501766443252563,1.970908688562898,-0.163990318775177,0.0,maternal,maternal,#beb8a6,#bda983
0-2,5,exp11,417.0,322,exp11_idx1TCTAATGAAG.TTGACCAGTATCAACGATT,hrs_03_07,0.7194244604316548,3.357314148681055,0.0303947187457021,5.436979633951594,1.2972826957702637,2.674935340881348,0.0,-1.7027173042297363,-0.3250646591186523,maternal,maternal,#beb8a6,#bda983
0-2,5,exp4,404.0,187,exp4_idx1ATGGCGCCTG_idx2AGGTCAATTA.CGAATGAGTGGCTCTCTAT,hrs_03_07,2.2277227722772275,1.2376237623762376,0.036266258607498,6.468887016404504,1.6880269050598145,2.405405282974243,0.0,-1.3119730949401855,-0.5945947170257568,maternal,maternal,#beb8a6,#bda983
0-2,5,exp11,358.0,286,exp11_idx1CTCTATAGAA.ATTAGGTACTTTACCGAGGC,hrs_03_07,1.3966480446927374,2.23463687150838,0.020193084349398,4.877351193859476,1.053295612335205,2.07026481628418,0.0,-1.946704387664795,-0.9297351837158204,maternal,maternal,#beb8a6,#bda983
0-2,5,exp11,313.0,254,exp11_idx1GGTCCGATGG.TCCTCGAGTACCTCTATCT,hrs_02_04,0.6389776357827476,1.9169329073482428,0.0239802224969097,2.76715955888926,0.6115806102752686,1.1285282373428345,0.0,-1.3884193897247314,-0.8714717626571655,maternal,maternal,#beb8a6,#bda983
0-2,5,exp11,527.0,399,exp11_idx1AGGAGCGCGT.ATTAGTCTGTCTTCGGCGCA,hrs_03_07,0.1897533206831119,2.087286527514232,0.0412282585355378,3.656826645407112,1.2249438762664795,2.831054925918579,0.0,-1.7750561237335205,-0.1689450740814209,maternal,maternal,#beb8a6,#bda983
0-2,5,exp11,489.0,369,exp11_idx1CTTGACTAGA.ATATCCTACTATATTGATAC,hrs_02_04,1.0224948875255624,2.2494887525562373,0.025515169466424,3.342631641916505,1.3396337032318115,1.8201720714569087,0.0,-0.6603662967681885,-0.1798279285430908,maternal,maternal,#beb8a6,#bda983
0-2,5,exp11,351.0,309,exp11_idx1GCGCGTTCAT.GTCGGCAATCGCTCCTAAC,hrs_02_04,0.2849002849002849,4.273504273504273,0.0331531359135052,4.945044817537275,1.6895633935928345,2.426033496856689,0.9450448175372754,-0.3104366064071655,0.0,maternal,maternal,#beb8a6,#bda983
0-2,5,exp11,334.0,273,exp11_idx1AGTCTATCGT.TTGGAGTTATTGATACGAGT,hrs_02_04,1.497005988023952,1.497005988023952,0.0154482082180264,2.062945323944204,1.0356296300888062,1.6171739101409912,0.0,-0.9643703699111938,-0.3828260898590088,maternal,maternal,#beb8a6,#bda983
0-2,6,exp10,359.0,218,exp10_idx1AATACGATAA_idx2GCTCTAACGA.TATCTCGATTGGATGCAGCA,hrs_00_02,0.0,6.963788300835655,0.0030402571987699,4.053509222518076,1.1319962739944458,2.209070205688477,2.053509222518076,0.0,0.2090702056884765,maternal,maternal,#beb8a6,#ffdfab
0-2,6,exp10,352.0,254,exp10_idx1ACGGCGTTAA_idx2TCCGTCGCCA.TCTTAGTTCTGGTATGCTTG,hrs_00_02,0.2840909090909091,1.7045454545454544,0.0378181568371517,4.842991465107305,1.1380910873413086,1.6487972736358645,2.842991465107305,0.0,0.0,maternal,maternal,#beb8a6,#ffdfab
0-2,6,exp10,346.0,231,exp10_idx1AGACCATATC_idx2AGGATTACCA.TGATCTTCTTGGATGCAGCA,hrs_00_02,0.0,1.1560693641618496,0.0254100450412169,4.9999741967971145,0.7830692529678345,1.2257380485534668,2.9999741967971145,0.0,0.0,maternal,maternal,#beb8a6,#ffdfab
0-2,6,exp10,263.0,194,exp10_idx1AGACCATATC_idx2CTCGTCTAGG.GACCAGGATTTGACTTCAG,hrs_00_02,0.0,1.1406844106463878,0.0271137026239067,3.434159676922626,1.4106276035308838,2.0532760620117188,1.434159676922626,0.0,0.0532760620117187,maternal,maternal,#beb8a6,#ffdfab
0-2,6,exp10,410.0,305,exp10_idx1TGGACGACTA_idx2ACGTTCAACC.CTGAGCATTACTGCCGATA,hrs_01_03,0.975609756097561,6.097560975609756,0.0326876513317191,3.4086524412805685,1.8965590000152588,2.400812149047852,0.4086524412805685,0.0,0.0,maternal,maternal,#beb8a6,#ffdfab
0-2,6,exp11,363.0,290,exp11_idx1AACCAACCAG.ACAGGTATTTTTATTCTGAG,hrs_01_03,2.479338842975207,1.1019283746556474,0.0217245063511534,5.905496657420669,1.2023371458053589,2.047857999801636,2.9054966574206693,0.0,0.0,maternal,maternal,#beb8a6,#ffdfab
0-2,6,exp11,302.0,261,exp11_idx1CTAGCCAGCC.GGCTAAGATAAGACGGCCA,hrs_01_03,0.3311258278145695,0.6622516556291391,0.1326542840023966,4.566286982689222,1.1159790754318235,1.7982162237167358,1.5662869826892225,0.0,0.0,maternal,maternal,#beb8a6,#ffdfab
0-2,6,exp11,425.0,354,exp11_idx1GCGCTATGGT.ATGCTTCCTCCATAAGTCC,hrs_01_03,0.2352941176470588,1.411764705882353,0.087857330186205,1.823495326286212,0.6615496277809143,1.1019411087036133,0.0,-0.3384503722190857,0.0,maternal,maternal,#beb8a6,#ffdfab
0-2,6,exp11,274.0,227,exp11_idx1TCGCCGCCGG.ACAGGTATTTATTGCGCTGA,hrs_03_07,0.7299270072992701,4.37956204379562,0.0391154688640867,5.587813009691727,1.606540560722351,3.102867364883423,0.0,-1.393459439277649,0.0,maternal,maternal,#beb8a6,#ffdfab
0-2,6,exp11,375.0,311,exp11_idx1AACGAATTCG.GTACCTCTTCGGTTGCGCG,hrs_03_07,1.6,0.5333333333333333,0.087857330186205,4.755947609195924,1.5236395597457886,1.7434542179107666,0.0,-1.4763604402542114,-1.2565457820892334,maternal,maternal,#beb8a6,#ffdfab
0-2,6,exp11,460.0,357,exp11_idx1CAACCTCGTC.GTCTATGGTCGAACGCCGG,hrs_03_07,2.8260869565217392,1.7391304347826086,0.0627336933942667,3.968431154008005,1.623481512069702,2.619788646697998,0.0,-1.376518487930298,-0.3802113533020019,maternal,maternal,#beb8a6,#ffdfab
0-2,6,exp11,397.0,308,exp11_idx1TTAAGTTAAT.GAACGGCTTTACTTACTTA,hrs_03_07,5.037783375314862,2.0151133501259446,0.0627336933942667,5.345395577735466,0.9457865357398988,1.8413628339767456,0.0,-2.0542134642601013,-1.1586371660232544,maternal,maternal,#beb8a6,#ffdfab
0-2,6,exp11,266.0,220,exp11_idx1ATCTACCAGT.ATGGTAACTTTCGATATTGA,hrs_02_04,2.255639097744361,0.3759398496240601,0.0157588577472236,4.975252940389828,1.602481484413147,2.6150357723236084,0.9752529403898276,-0.397518515586853,0.0,maternal,maternal,#beb8a6,#ffdfab
0-2,6,exp11,403.0,317,exp11_idx1AGTCCGCTGC.TTCGCGGATCCGATTCCTG,hrs_02_04,1.488833746898263,2.2332506203473943,0.0888262248854423,4.074775791211429,1.4896477460861206,2.0540151596069336,0.0747757912114286,-0.5103522539138794,0.0,maternal,maternal,#beb8a6,#ffdfab
0-2,6,exp11,313.0,269,exp11_idx1AGGAGCGCGT.GCCATGGTTGCCATTCTCC,hrs_02_04,1.9169329073482428,2.2364217252396164,0.0189217600240276,5.163861437499796,1.3469343185424805,3.560948848724365,1.1638614374997962,-0.6530656814575195,0.0,maternal,maternal,#beb8a6,#ffdfab
0-2,6,exp11,824.0,579,exp11_idx1TTGAGTCATG.AAGGATTACTTTATTATGGT,hrs_02_04,1.577669902912621,1.820388349514563,0.0374445972795353,1.7343818735630363,0.5458557605743408,1.5096579790115356,-0.2656181264369635,-1.4541442394256592,-0.4903420209884643,maternal,maternal,#beb8a6,#ffdfab
0-2,7,exp1,409.0,290,exp1_idx1GTAGGCTGCA_idx2TGAGGTAGAA.TTGGTTAAGTGGCCAGTCCG,hrs_04_08,0.2444987775061124,2.93398533007335,0.0309278350515463,3.678273434036324,1.299145221710205,6.657129287719727,-0.3217265659636763,-2.700854778289795,0.0,maternal,maternal,#beb8a6,#f4d694
0-2,7,exp10,435.0,338,exp10_idx1AATACGATAA_idx2AACTACCGAC.GGTTCGAGTGGTATGCTTG,hrs_00_02,0.0,6.206896551724138,0.0296037649916502,4.671366746249408,0.7815192937850952,1.3137140274047852,2.671366746249408,0.0,0.0,maternal,maternal,#beb8a6,#f4d694
0-2,7,exp10,430.0,259,exp10_idx1AATACGATAA_idx2AACTTATAAG.CGTACCTATGAACTGCATC,hrs_00_02,0.0,3.72093023255814,0.0192215159419555,3.0428024992521947,0.6933271884918213,1.6674994230270386,1.0428024992521947,0.0,0.0,maternal,maternal,#beb8a6,#f4d694
0-2,7,exp10,585.0,349,exp10_idx1AATACGATAA_idx2AACTTATAAG.GTAAGCTCTCGACGCGACT,hrs_01_03,1.7094017094017095,3.589743589743589,0.0317495210878372,2.6705584313345856,0.9933000802993774,1.7267917394638062,0.0,-0.0066999197006225,0.0,maternal,maternal,#beb8a6,#f4d694
0-2,7,exp10,436.0,280,exp10_idx1AATACGATAA_idx2AACTTATAAG.TAGTTACCTTTCGTAGAGAA,hrs_00_02,0.4587155963302752,4.587155963302752,0.0328785506598076,4.568301423372043,1.260122776031494,3.6430492401123047,2.568301423372043,0.0,1.643049240112305,maternal,maternal,#beb8a6,#f4d694
0-2,7,exp10,392.0,244,exp10_idx1AATACGATAA_idx2AACTTATAAG.TCATGGCTTCTCGATGGAG,hrs_00_02,0.5102040816326531,3.826530612244898,0.0156371612538031,5.2155618066778135,1.3568549156188965,3.5236823558807373,3.215561806677813,0.0,1.5236823558807373,maternal,maternal,#beb8a6,#f4d694
0-2,7,exp10,389.0,256,exp10_idx1AATACGATAA_idx2CTCCGGTTCT.GCTGGCTATCCGCTATATT,hrs_01_03,1.0282776349614395,4.627249357326478,0.0271137026239067,4.217399360686353,1.1648954153060913,3.1704306602478027,1.2173993606863531,0.0,0.1704306602478027,maternal,maternal,#beb8a6,#f4d694
0-2,7,exp10,349.0,233,exp10_idx1AATACGATAA_idx2CTCCGGTTCT.TTCTTAACCTCGACGCGACT,hrs_01_03,0.2865329512893982,6.017191977077363,0.0143178376393924,4.267286420221938,1.4071331024169922,2.274354219436645,1.2672864202219376,0.0,0.0,maternal,maternal,#beb8a6,#f4d694
0-2,7,exp10,388.0,280,exp10_idx1AATACGATAA_idx2CTCGATGGAG.GAAGAGGCTACTCTCTCAA,hrs_01_03,1.2886597938144329,7.989690721649484,0.0332636991804595,3.868469756426915,1.574972152709961,2.021968364715576,0.868469756426915,0.0,0.0,maternal,maternal,#beb8a6,#f4d694
0-2,7,exp11,578.0,426,exp11_idx1AATAAGCCTC.TGTTAAGACTATCAACGATT,hrs_03_07,1.7301038062283738,2.249134948096886,0.0200076657723265,3.917958338306085,1.0720398426055908,1.394463062286377,0.0,-1.9279601573944087,-1.605536937713623,maternal,maternal,#beb8a6,#f4d694
0-2,7,exp12,386.0,319,exp12_idx1CTCGTCGTAG.CCGTCTCATGGACTACTAC,hrs_02_04,0.2590673575129534,4.922279792746114,0.0473558135249677,3.766450527020951,1.4010924100875854,2.191759824752808,0.0,-0.5989075899124146,0.0,maternal,maternal,#beb8a6,#f4d694
0-2,7,exp2,823.0,501,exp2_idx1GCTTGAAGAG_idx2AGATCCTATA.GGTCAGTTTGGTACCGGCA,hrs_03_07,1.2150668286755772,5.34629404617254,0.0576441102756892,3.486004228865601,1.8049882650375368,4.744402885437012,0.0,-1.1950117349624634,0.0,maternal,maternal,#beb8a6,#f4d694
0-2,7,exp4,543.0,294,exp4_idx1GGTTATCGAA_idx2GTTCCGACGA.TAGATGACTTTCCGGCCTCG,hrs_03_07,0.7366482504604052,4.788213627992634,0.0449457551231272,2.675062240528314,1.123564839363098,2.635558605194092,-0.3249377594716853,-1.8764351606369016,-0.3644413948059082,maternal,maternal,#beb8a6,#f4d694
0-2,7,exp10,425.0,307,exp10_idx1ATGGCGCCTG_idx2GACTAGTCTA.TGATGCGATTGGAAGTACC,hrs_03_07,0.2352941176470588,5.88235294117647,0.0238003415789763,4.549258290388847,0.9450474381446838,3.819242477416992,0.0,-2.054952561855316,0.0,maternal,maternal,#beb8a6,#f4d694
0-2,7,exp10,624.0,366,exp10_idx1TGGACGACTA_idx2AGCGTCAATG.TATCATGAGTACCGTTACGA,hrs_04_08,0.4807692307692308,4.807692307692308,0.0709495234733498,4.500714207154648,1.642597198486328,3.190293312072754,0.0,-2.357402801513672,-0.8097066879272461,maternal,maternal,#beb8a6,#f4d694
0-2,7,exp2,595.0,347,exp2_idx1TAGTAAGCCG_idx2CCAAGCTGAA.CTCCATCATCCGTTCGGAT,hrs_04_08,3.5294117647058822,8.571428571428571,0.0606957809030347,5.969404856625207,1.3778750896453855,6.889104843139648,0.0,-2.6221249103546143,0.0,maternal,maternal,#beb8a6,#f4d694
0-2,7,exp10,412.0,317,exp10_idx1TGGACGACTA_idx2TGATACGAGT.TTTGCTTAGTACTCAATAGG,hrs_04_08,0.0,5.825242718446602,0.030837822775404,4.7718250085594525,0.7354840636253357,1.763494610786438,0.0,-3.2645159363746643,-2.236505389213562,maternal,maternal,#beb8a6,#f4d694
0-2,8,exp10,549.0,338,exp10_idx1AATACGATAA_idx2AACTTATAAG.TCTCGCTCTTGATGGCCTT,hrs_01_03,0.3642987249544626,5.2823315118397085,0.02007722007722,3.819795822808976,1.6208683252334597,2.9858040809631348,0.8197958228089757,0.0,0.0,maternal,maternal,#beb8a6,#f1ca73
0-2,8,exp10,341.0,221,exp10_idx1AATACGATAA_idx2ACGTTCAACC.TCCAAGTTATAACCTGCGTA,hrs_01_03,1.466275659824047,4.398826979472141,0.0066982330523155,3.679620576389065,1.4046921730041504,1.9557201862335205,0.6796205763890653,0.0,0.0,maternal,maternal,#beb8a6,#f1ca73
0-2,8,exp10,413.0,265,exp10_idx1AATACGATAA_idx2ACGTTCAACC.TTATAGGCATCTCGATGGAG,hrs_00_02,0.2421307506053268,9.685230024213077,0.0121510673234811,5.524334139934478,1.0827770233154297,2.1530745029449463,3.524334139934478,0.0,0.1530745029449463,maternal,maternal,#beb8a6,#f1ca73
0-2,8,exp10,528.0,334,exp10_idx1AATACGATAA_idx2GCTCTAACGA.TATAAGGCTTCGCCGCCTCC,hrs_00_02,1.1363636363636365,3.0303030303030303,0.0427909712521138,2.486760037789457,1.4360414743423462,3.1954777240753174,0.4867600377894572,0.0,1.1954777240753174,maternal,maternal,#beb8a6,#f1ca73
0-2,8,exp10,727.0,407,exp10_idx1AATACGATAA_idx2TCTAGAACTA.GAACGGCTTGTTGACGGCC,hrs_01_03,0.6877579092159559,5.226960110041266,0.0598729558048385,3.755705445989196,1.3551158905029297,2.1618728637695312,0.7557054459891956,0.0,0.0,maternal,maternal,#beb8a6,#f1ca73
0-2,8,exp10,457.0,290,exp10_idx1AATACGATAA_idx2TGATACGAGT.TAGAGCCTTCGCCGCCTCC,hrs_00_02,0.2188183807439825,7.00218818380744,0.0257125772373928,3.931929924365684,1.111212134361267,3.778791666030884,1.931929924365684,0.0,1.7787916660308838,maternal,maternal,#beb8a6,#f1ca73
0-2,8,exp10,548.0,350,exp10_idx1AATACGATAA_idx2TGATACGAGT.TCGAGAAGTCCGCTATATT,hrs_01_03,0.9124087591240876,6.204379562043796,0.0297771282426013,3.53837969433814,1.4252028465270996,1.879261136054993,0.5383796943381398,0.0,0.0,maternal,maternal,#beb8a6,#f1ca73
0-2,8,exp10,370.0,282,exp10_idx1ACGGCGTTAA_idx2AGCGTCAATG.TATCGAACTTTCGTAGAGAA,hrs_00_02,0.8108108108108109,2.972972972972973,0.043301258327165,5.0132120474388,1.224417209625244,1.9871245622634888,3.0132120474388,0.0,0.0,maternal,maternal,#beb8a6,#f1ca73
0-2,8,exp10,796.0,524,exp10_idx1GATTCTTGAA_idx2CAAGATTAAG.GTCATCTGTGATACGGAAC,hrs_03_07,2.010050251256281,5.778894472361809,0.0650994575045208,2.7371853344784847,1.2712098360061646,2.567345142364502,-0.2628146655215153,-1.7287901639938354,-0.432654857635498,maternal,maternal,#beb8a6,#f1ca73
0-2,8,exp12,423.0,359,exp12_idx1ATTCTTAGCT.CTCCATCATAACTAGGCGC,hrs_02_04,0.9456264775413712,7.092198581560284,0.0727684346701164,4.522372789399079,1.4522157907485962,2.1262967586517334,0.5223727893990793,-0.5477842092514038,0.0,maternal,maternal,#beb8a6,#f1ca73
0-2,8,exp10,345.0,255,exp10_idx1GTAGCAGCTA_idx2CTAACTCCAA.GTCATCTGTCTCGTCTAGG,hrs_03_07,2.318840579710145,6.666666666666667,0.0352590630690283,5.054544561364024,1.8224071264266968,2.650468587875366,0.0,-1.1775928735733032,-0.3495314121246338,maternal,maternal,#beb8a6,#f1ca73
0-2,8,exp1,858.0,456,exp1_idx1TAGGTAACTT_idx2ACCGTTACGA.TCATTAAGCTAACTGCTGCC,hrs_03_07,1.282051282051282,3.4965034965034967,0.0466531440162271,3.7636052477607183,1.7894163131713867,3.1612837314605717,0.0,-1.2105836868286133,0.0,maternal,maternal,#beb8a6,#f1ca73
0-2,8,exp10,548.0,317,exp10_idx1GCGCGTTCAT_idx2GATGATCGTA.TCAGGAGATCGGCGAGACC,hrs_03_07,0.9124087591240876,6.569343065693431,0.011794348269945,3.113827165287216,1.3647966384887695,1.3902651071548462,0.0,-1.6352033615112305,-1.6097348928451538,maternal,maternal,#beb8a6,#f1ca73
0-2,8,exp12,498.0,399,exp12_idx1GCTTGAAGAG.AGCATAACTTCAGATTCGAT,hrs_02_04,0.6024096385542169,6.024096385542169,0.0635377462917865,4.837817514242311,1.850559949874878,6.628640174865723,0.8378175142423112,-0.149440050125122,2.6286401748657227,maternal,maternal,#beb8a6,#f1ca73
0-2,8,exp12,724.0,553,exp12_idx1CTATATAGCC.CAACTCTCTCCGATTCCTG,hrs_02_04,0.8287292817679558,4.972375690607735,0.016773800920467,3.4585459035474666,1.533155918121338,2.926908016204834,0.0,-0.4668440818786621,0.0,maternal,maternal,#beb8a6,#f1ca73
0-2,8,exp12,383.0,338,exp12_idx1GCAAGACCGT.ACGGCAATTTTGGTCATAA,hrs_02_04,0.2610966057441253,6.527415143603134,0.0236302259153466,2.9921893727168487,1.3143635988235474,2.4683196544647217,0.0,-0.6856364011764526,0.0,maternal,maternal,#beb8a6,#f1ca73
0-2,8,exp2,1721.0,932,exp2_idx1GCTTGAAGAG_idx2TTAGATTCCG.CAAGCAACTTTGCTGGCAT,hrs_04_08,0.5229517722254503,5.113306217315515,0.0781615925058548,2.62340364896252,1.86509370803833,2.0129218101501465,-1.37659635103748,-2.13490629196167,-1.9870781898498533,maternal,maternal,#beb8a6,#f1ca73
0-2,9,exp10,512.0,312,exp10_idx1AATACGATAA_idx2TCTAGAACTA.GCTGGCTATCGCCGCCTCC,hrs_00_02,1.3671875,0.9765625,0.0183929817565546,3.5049327911015875,1.5872163772583008,2.334136724472046,1.5049327911015875,0.0,0.3341367244720459,maternal,maternal,#beb8a6,#eebe53
0-2,9,exp10,509.0,370,exp10_idx1AGGTCAGCTT_idx2TCCGGTAATC.TCGTCTATTTCAAGTACTGG,hrs_01_03,0.3929273084479371,3.536345776031434,0.0479331056412672,2.6309120394138894,1.2909793853759766,1.0095484256744385,0.0,0.0,0.0,maternal,maternal,#beb8a6,#eebe53
0-2,9,exp10,377.0,255,exp10_idx1AGTCCGCTGC_idx2CGGCGAGACC.GTATCGCATGTTGACGGCC,hrs_01_03,1.326259946949602,6.631299734748011,0.033457968024755,5.217660000291477,1.2358626127243042,2.109097957611084,2.2176600002914766,0.0,0.0,maternal,maternal,#beb8a6,#eebe53
0-2,9,exp10,430.0,320,exp10_idx1AGTCCGCTGC_idx2TGGCGTAGGT.TAGAGCCTTGTTGACGGCC,hrs_01_03,0.6976744186046512,4.186046511627907,0.0202017595913207,3.105867005680881,1.250857710838318,1.2237749099731443,0.1058670056808814,0.0,0.0,maternal,maternal,#beb8a6,#eebe53
0-2,9,exp10,450.0,335,exp10_idx1ATAAGGACTC_idx2TGGCGTAGGT.AACTGGCATTCTTGCCGAC,hrs_01_03,1.5555555555555556,6.0,0.0344466616506918,2.295957166211885,1.29075825214386,1.8824970722198489,0.0,0.0,0.0,maternal,maternal,#beb8a6,#eebe53
0-2,9,exp10,260.0,213,exp10_idx1GCATCGTATG_idx2AGCGTCAATG.TGAGTTAGATTCCTACCAGT,hrs_00_02,0.7692307692307693,3.8461538461538463,0.0274341989565625,3.179862011359097,0.9430473446846008,2.380468368530273,1.1798620113590972,0.0,0.3804683685302734,maternal,maternal,#beb8a6,#eebe53
0-2,9,exp10,276.0,225,exp10_idx1GCGCGTTCAT_idx2AGGATTACCA.CTTCGACTTGAACTGCATC,hrs_00_02,1.8115942028985508,2.536231884057971,0.08203125,5.435321552288427,1.2678183317184448,1.9600706100463867,3.4353215522884266,0.0,0.0,maternal,maternal,#beb8a6,#eebe53
0-2,9,exp10,317.0,253,exp10_idx1TCCTCTGCCG_idx2CATGCATCTC.CTGAGCATTTTGACTTCAG,hrs_00_02,0.3154574132492113,3.785488958990536,0.0380401075046516,4.084964701545277,1.2580443620681765,1.7047966718673706,2.084964701545277,0.0,0.0,maternal,maternal,#beb8a6,#eebe53
0-2,9,exp11,447.0,356,exp11_idx1AATACGATAA.TAGTTACCTTACTTAACCTT,hrs_03_07,3.5794183445190155,2.460850111856823,0.114915471859619,4.100543708962214,1.55707049369812,2.4375290870666504,0.0,-1.44292950630188,-0.5624709129333496,maternal,maternal,#beb8a6,#eebe53
0-2,9,exp11,263.0,219,exp11_idx1CCTCGTCAGA.TCGTAGCGTCAGATTCGAT,hrs_02_04,0.3802281368821292,3.041825095057034,0.076533037553478,5.201877863437528,1.6136846542358398,2.572865724563598,1.2018778634375282,-0.3863153457641601,0.0,maternal,maternal,#beb8a6,#eebe53
0-2,9,exp11,443.0,342,exp11_idx1CCAGTAGAGT.CAGATCAGTGTTCTGAATT,hrs_03_07,3.611738148984198,3.160270880361174,0.0145395799676898,3.807360472310235,1.6930140256881714,4.908427715301514,0.0,-1.3069859743118286,0.0,maternal,maternal,#beb8a6,#eebe53
0-2,9,exp11,539.0,426,exp11_idx1GACTGGACCA.TGGTCTCCTTAGAATTAAC,hrs_02_04,0.927643784786642,1.4842300556586272,0.0539690527110328,4.055417767983374,1.9736837148666384,1.8905766010284424,0.055417767983374,-0.0263162851333618,-0.1094233989715576,maternal,maternal,#beb8a6,#eebe53
0-2,9,exp12,333.0,267,exp12_idx1CGTCGAGCGC.ATATGGATCTTTGGACGCTG,hrs_02_04,1.5015015015015014,5.105105105105105,0.0635377462917865,4.60988910014999,1.338310956954956,2.0345458984375,0.6098891001499904,-0.661689043045044,0.0,maternal,maternal,#beb8a6,#eebe53
0-2,9,exp11,386.0,294,exp11_idx1CTCCTCATTC.CAGAAGGCTGCTCTCGCCT,hrs_03_07,2.072538860103627,2.849740932642487,0.0773282259995211,4.035584216065155,1.807389736175537,2.22782826423645,0.0,-1.192610263824463,-0.7721717357635498,maternal,maternal,#beb8a6,#eebe53
0-2,9,exp11,461.0,352,exp11_idx1TTCATATCAA.ACCGGTTCTCCGCGGACCG,hrs_02_04,1.735357917570499,2.169197396963124,0.0227272727272727,3.308779084279092,1.3110798597335815,1.429877519607544,0.0,-0.6889201402664185,-0.570122480392456,maternal,maternal,#beb8a6,#eebe53
0-2,9,exp10,274.0,208,exp10_idx1GGTTATCGAA_idx2GCTCTCGCCT.TAATACCAGTCTGATGGTCA,hrs_04_08,1.094890510948905,3.64963503649635,0.023517158206337,3.6505215569687226,1.3297624588012695,2.429248571395874,-0.3494784430312774,-2.6702375411987305,-1.570751428604126,maternal,maternal,#beb8a6,#eebe53
0-2,9,exp11,839.0,629,exp11_idx1TGATTAGGTA.TGAGAATCATAACCATTGGA,hrs_03_07,1.0727056019070322,2.622169249106079,0.0483814008240141,2.96747504556744,0.8600432276725769,1.9917529821395876,-0.03252495443256,-2.139956772327423,-1.0082470178604126,maternal,maternal,#beb8a6,#eebe53
10-12,5,exp1,364.0,256,exp1_idx1GCGCGTTCAT_idx2CCTATAAGCT.TTGGCAATATGGCCAGTCCG,hrs_04_08,0.2747252747252747,1.3736263736263736,0.038547593172665,12.11413642857162,10.132061004638672,10.397452354431152,4.114136428571621,2.132061004638672,2.3974523544311523,brain,neuroectoderm,#247ba0,
10-12,5,exp2,307.0,178,exp2_idx1GTAGCAGCTA_idx2ACGAGGACCT.TGAATCTGATGAGCATATGG,hrs_04_08,0.9771986970684038,0.3257328990228013,0.0479744136460554,9.68759041428092,10.072181701660156,9.694920539855955,1.6875904142809208,2.072181701660156,1.694920539855957,brain,neuroectoderm,#247ba0,
10-12,6,exp2,260.0,157,exp2_idx1GTAGCAGCTA_idx2TCATCTAATC.ACTTATGGTTGTATCATCGA,hrs_04_08,0.0,1.9230769230769231,0.0932978546482621,9.405193280309168,11.81143569946289,8.468576431274414,1.4051932803091685,3.81143569946289,0.468576431274414,midgut,endoderm,#607b37,
10-12,6,exp1,526.0,403,exp1_idx1GTAGGCTGCA_idx2CTGCAATCGC.TGCCTATTATCGCGTACGAC,hrs_04_08,0.3802281368821292,4.752851711026616,0.0501523144364365,8.236953396230792,11.098682403564451,8.181411743164062,0.2369533962307919,3.098682403564453,0.1814117431640625,midgut,endoderm,#607b37,
10-12,6,exp10,312.0,214,exp10_idx1ATGGCGCCTG_idx2GTTGACGGCC.TCCTATAAGTACTCAATAGG,hrs_04_08,1.282051282051282,4.487179487179487,0.0338499448803579,12.560133580111776,11.762839317321776,10.832390785217283,4.560133580111776,3.762839317321777,2.832390785217285,midgut,endoderm,#607b37,
10-12,6,exp2,2437.0,663,exp2_idx1AGACCATATC_idx2TGCCAGATGG.CCGTCGATTTATCATGATC,hrs_04_08,0.8206811653672548,2.749281903980304,0.0878141902640789,11.376588261445947,11.786123275756836,5.37900972366333,3.3765882614459475,3.786123275756836,0.0,midgut,endoderm,#607b37,
10-12,8,exp10,262.0,145,exp10_idx1GTAGCAGCTA_idx2CGAAGGACGA.ATATCCTACTTCCGGCCTCG,hrs_04_08,3.0534351145038165,6.106870229007633,0.0422874671340929,11.287055998987684,11.501174926757812,13.540929794311523,3.287055998987684,3.5011749267578125,5.540929794311523,epidermis,ectoderm,#e3a416,
10-12,9,exp1,306.0,198,exp1_idx1TGGACGACTA_idx2ACTCTCTCAA.TTCAACTGATGCGTTCAGCT,hrs_04_08,0.6535947712418301,6.209150326797386,0.0530605967394647,9.09812138182272,10.001158714294434,9.384380340576172,1.09812138182272,2.0011587142944336,1.384380340576172,amnioserosa,extra-embryonic,#bda983,
12-14,5,exp2,431.0,263,exp2_idx1TTCCGTCGAC_idx2AGCGTCAATG.CAAGGCGTTTAACGAATTG,hrs_04_08,0.4640371229698375,5.800464037122969,0.0650994575045208,11.938546426903253,12.673139572143556,13.81280517578125,3.938546426903251,4.673139572143555,5.81280517578125,yolk nuclei,extra-embryonic,#d6c9b2,
12-14,9,exp10,308.0,235,exp10_idx1ACGGCGTTAA_idx2ACCGTTACGA.CCTAATGGTAATCGATAAT,hrs_04_08,2.272727272727273,9.740259740259742,0.0238003415789763,8.679041995395039,12.482906341552734,12.11103343963623,0.6790419953950391,4.482906341552734,4.111033439636231,brain,neuroectoderm,#247ba0,
12-14,9,exp10,269.0,178,exp10_idx1TTGCGAGCAT_idx2CGACTACCAA.TCCTATAAGTAATCGATAAT,hrs_04_08,2.973977695167286,16.728624535315987,0.0285833756458887,11.256590251495814,12.306285858154297,14.920969009399414,3.2565902514958136,4.306285858154297,6.920969009399414,brain,neuroectoderm,#247ba0,
14-16,8,exp1,3362.0,1140,exp1_idx1GTAGCAGCTA_idx2CTAACTCCAA.TTCGCATAATTGCGCGATGC,hrs_04_08,1.784651992861392,12.343842950624628,0.0691370419385752,12.035782348616316,15.464366912841797,9.836980819702148,4.035782348616316,7.464366912841797,1.8369808197021484,midgut,endoderm,#607b37,
14-16,8,exp1,400.0,242,exp1_idx1GTAGGCTGCA_idx2TGAGGTAGAA.CGAGATGCTTATCGTCGGC,hrs_04_08,0.5,3.0,0.0239731256680409,15.250928438060456,15.66135597229004,15.170930862426758,7.250928438060455,7.661355972290039,7.170930862426758,midgut,endoderm,#607b37,
2-4,5,exp1,307.0,225,exp1_idx1TGGACGACTA_idx2ACTCTCTCAA.GCGGTATATGCGTTCAGCT,hrs_04_08,1.954397394136808,7.491856677524431,0.0398178269355888,6.894896255023951,3.760610818862915,6.853270530700684,0.0,-0.2393891811370849,0.0,cellular blastoderm / pole cell,blastoderm / pole,#675f4b,#ffa966
2-4,7,exp11,268.0,231,exp11_idx1TCGCCGCCGG.TTCTCATTGTAGGCCGCTCG,hrs_02_04,0.7462686567164178,1.8656716417910448,0.124090909090909,4.906813929287183,3.118363380432129,4.442212104797363,0.9068139292871829,0.0,0.4422121047973633,anlage in statu nascendi,,#ffdfab,#b26e00
2-4,7,exp11,333.0,235,exp11_idx1TATTCTCCGT.CTAACGACTAAGTCTTCCG,hrs_02_04,0.3003003003003003,0.3003003003003003,0.0898107844008172,4.748700371883476,2.7987728118896484,3.059768915176392,0.7487003718834755,0.0,0.0,anlage in statu nascendi,,#ffdfab,#b26e00
2-4,7,exp11,373.0,294,exp11_idx1TCTTGAGGTT.AACGAGCGTTCGCTAAGCA,hrs_02_04,0.2680965147453083,2.412868632707774,0.0757492330685125,5.166741067431242,2.8783035278320312,2.903876781463623,1.166741067431242,0.0,0.0,anlage in statu nascendi,,#ffdfab,#b26e00
